Workbook

Sheet DCA_Summary_Dashboard
A1: BẢNG PHÂN TÍCH ĐỊNH LƯỢNG HIỆU QUẢ DCA 100 CỔ PHIẾU VIỆT NAM (SẮP XẾP & TÔ MÀU THEO CANDIDATE POOL)
A2: Chiến lược: 1.000.000 VNĐ/tuần/mã | Chu kỳ: 56 tuần (05/2025 - 05/2026) | Tổng vốn: 56.000.000 VNĐ/mã | Tổng quy mô rổ: 5,6 tỷ VNĐ | Phân loại & màu sắc theo 8 nhóm ngành
A4: TỔNG VỐN (100 CỔ PHIẾU) | C4: TỔNG GIÁ TRỊ CUỐI KỲ | E4: LỢI NHUẬN RÒNG DANH MỤC | G4: ROI TOÀN DANH MỤC | I4: TỶ LỆ LÃI / LỖ | K4: QUÁN QUÂN TĂNG TRƯỞNG
A5: 5,600,000,000 ₫ | C5: 5,411,312,603 ₫ | E5: -188,687,397 ₫ | G5: -3.37% | I5: 31 Lãi / 69 Lỗ | K5: VIC (+142.3%)
A7: STT | B7: Mã Cổ Phiếu | C7: Nhóm Ngành (Candidate Pool) | D7: Sàn GD | E7: Hạng ROI Tổng | F7: Tổng Vốn (VNĐ) | G7: Giá DCA TB (VNĐ) | H7: Giá Tuần 56 (VNĐ) | I7: Tổng CP Tích Lũy | J7: Giá Trị Tuần 56 (VNĐ) | K7: Lãi / Lỗ Ròng (VNĐ) | L7: Tỷ Suất ROI (%) | M7: Trạng Thái
A8: 1 | B8: VIC | C8: VN30 Index (Nhóm Trụ Cột) | D8: HOSE | E8: #1 | F8: 56000000 | G8: 87223.45 | H8: 211300 | I8: 642.02918 | J8: 1.3566077e+08 | K8: 79660765 | L8: 1.4225137 | M8: LÃI
A9: 2 | B9: VHM | C9: VN30 Index (Nhóm Trụ Cột) | D9: HOSE | E9: #2 | F9: 56000000 | G9: 49958.256 | H9: 78000 | I9: 1120.9358 | J9: 87432996 | K9: 31432996 | L9: 0.5613035 | M9: LÃI
A10: 3 | B10: LPB | C10: VN30 Index (Nhóm Trụ Cột) | D10: HOSE | E10: #4 | F10: 56000000 | G10: 41770.341 | H10: 52000 | I10: 1340.6642 | J10: 69714538 | K10: 13714538 | L10: 0.24490246 | M10: LÃI
A11: 4 | B11: GAS | C11: VN30 Index (Nhóm Trụ Cột) | D11: HOSE | E11: #5 | F11: 56000000 | G11: 71550.327 | H11: 87400 | I11: 782.66589 | J11: 68404998 | K11: 12404998 | L11: 0.22151783 | M11: LÃI
A12: 5 | B12: VJC | C12: VN30 Index (Nhóm Trụ Cột) | D12: HOSE | E12: #6 | F12: 56000000 | G12: 108465.25 | H12: 132230.77 | I12: 516.2944 | J12: 68270003 | K12: 12270003 | L12: 0.2191072 | M12: LÃI
A13: 6 | B13: GVR | C13: VN30 Index (Nhóm Trụ Cột) | D13: HOSE | E13: #9 | F13: 56000000 | G13: 30621.143 | H13: 34900 | I13: 1828.8018 | J13: 63825181 | K13: 7825181.3 | L13: 0.13973538 | M13: LÃI
A14: 7 | B14: BVH | C14: VN30 Index (Nhóm Trụ Cột) | D14: HOSE | E14: #10 | F14: 56000000 | G14: 59544.344 | H14: 67700 | I14: 940.47555 | J14: 63670195 | K14: 7670194.9 | L14: 0.13696777 | M14: LÃI
A15: 8 | B15: HDB | C15: VN30 Index (Nhóm Trụ Cột) | D15: HOSE | E15: #12 | F15: 56000000 | G15: 23259.961 | H15: 25900 | I15: 2407.5707 | J15: 62356081 | K15: 6356081 | L15: 0.11350145 | M15: LÃI
A16: 9 | B16: POW | C16: VN30 Index (Nhóm Trụ Cột) | D16: HOSE | E16: #14 | F16: 56000000 | G16: 12565.711 | H16: 13700 | I16: 4456.5724 | J16: 61055042 | K16: 5055042.5 | L16: 0.090268616 | M16: LÃI
A17: 10 | B17: VRE | C17: VN30 Index (Nhóm Trụ Cột) | D17: HOSE | E17: #15 | F17: 56000000 | G17: 29725.981 | H17: 32250 | I17: 1883.8739 | J17: 60754933 | K17: 4754933 | L17: 0.084909518 | M17: LÃI
A18: 11 | B18: PLX | C18: VN30 Index (Nhóm Trụ Cột) | D18: HOSE | E18: #18 | F18: 56000000 | G18: 38783.5 | H18: 41000 | I18: 1443.913 | J18: 59200433 | K18: 3200433.3 | L18: 0.057150595 | M18: LÃI
A19: 12 | B19: VPB | C19: VN30 Index (Nhóm Trụ Cột) | D19: HOSE | E19: #21 | F19: 56000000 | G19: 25809.459 | H19: 27100 | I19: 2169.7472 | J19: 58800148 | K19: 2800148.1 | L19: 0.050002645 | M19: LÃI
... A107: 100 | B107: PVD | C107: Dầu Khí, Cảng Biển & Logistics | D107: HOSE | E107: #7 | F107: 56000000 | G107: 15003.697 | H107: 18274.416 | I107: 3732.4133 | J107: 68207674 | K107: 12207674 | L107: 0.21799418 | M107: LÃI
B108: TỔNG CỘNG | C108: 8 Nhóm Ngành | D108: 100 Mã | E108: - | F108: =SUM(F8:F107) | G108: - | H108: - | I108: - | J108: =SUM(J8:J107) | K108: =SUM(K8:K107) | L108: =K108/F108 | M108: DANH MỤC

Sheet Weekly_Prices_VND
A1: STT | B1: Mã Cổ Phiếu | C1: Nhóm Ngành | D1: Sàn GD | E1: W01 (05/05) | F1: W02 (12/05) | G1: W03 (19/05) | H1: W04 (26/05) | I1: W05 (02/06) | J1: W06 (09/06) | K1: W07 (16/06) | L1: W08 (23/06) | M1: W09 (30/06) | N1: W10 (07/07) | O1: W11 (14/07) | P1: W12 (21/07) | Q1: W13 (28/07) | R1: W14 (04/08) | S1: W15 (11/08) | T1: W16 (18/08) | U1: W17 (25/08) | V1: W18 (01/09) | W1: W19 (08/09) | X1: W20 (15/09) | Y1: W21 (22/09) | Z1: W22 (29/09) | AA1: W23 (06/10) | AB1: W24 (13/10) | AC1: W25 (20/10) | AD1: W26 (27/10) | AE1: W27 (03/11) | AF1: W28 (10/11) | AG1: W29 (17/11) | AH1: W30 (24/11) | AI1: W31 (01/12) | AJ1: W32 (08/12) | AK1: W33 (15/12) | AL1: W34 (22/12) | AM1: W35 (29/12) | AN1: W36 (05/01) | AO1: W37 (12/01) | AP1: W38 (19/01) | AQ1: W39 (26/01) | AR1: W40 (02/02) | AS1: W41 (09/02) | AT1: W42 (16/02) | AU1: W43 (23/02) | AV1: W44 (02/03) | AW1: W45 (09/03) | AX1: W46 (16/03) | AY1: W47 (23/03) | AZ1: W48 (30/03) | BA1: W49 (06/04) | BB1: W50 (13/04) | BC1: W51 (20/04) | BD1: W52 (27/04) | BE1: W53 (04/05) | BF1: W54 (11/05) | BG1: W55 (18/05) | BH1: W56 (25/05) | BI1: Giá Thấp Nhất | BJ1: Giá Cao Nhất | BK1: Giá TB (VNĐ)
A2: 1 | B2: VIC | C2: VN30 Index (Nhóm Trụ Cột) | D2: HOSE | E2: 39250 | F2: 39900 | G2: 46250 | H2: 48500 | I2: 49000 | J2: 43400 | K2: 44700 | L2: 47500 | M2: 47250 | N2: 50800 | O2: 61000 | P2: 58000 | Q2: 52750 | R2: 57500 | S2: 59100 | T2: 62500 | U2: 65050 | V2: 62500 | W2: 68000 | X2: 72500 | Y2: 79000 | Z2: 85500 | AA2: 89750 | AB2: 106550 | AC2: 107500 | AD2: 102050 | AE2: 99850 | AF2: 105500 | AG2: 114850 | AH2: 130200 | AI2: 142800 | AJ2: 144000 | AK2: 148500 | AL2: 155000 | AM2: 169600 | AN2: 176000 | AO2: 159900 | AP2: 165400 | AQ2: 140500 | AR2: 131000 | AS2: 160000 | AT2: 160000 | AU2: 172000 | AV2: 156500 | AW2: 144600 | AX2: 135000 | AY2: 132600 | AZ2: 141000 | BA2: 151700 | BB2: 187900 | BC2: 212100 | BD2: 214000 | BE2: 226000 | BF2: 228000 | BG2: 216500 | BH2: 211300 | BI2: =MIN(E2:BH2) | BJ2: =MAX(E2:BH2) | BK2: =AVERAGE(E2:BH2)
A3: 2 | B3: VHM | C3: VN30 Index (Nhóm Trụ Cột) | D3: HOSE | E3: 31100 | F3: 29000 | G3: 34050 | H3: 38450 | I3: 38400 | J3: 35000 | K3: 35850 | L3: 38000 | M3: 38150 | N3: 43000 | O3: 47050 | P3: 46000 | Q3: 45000 | R3: 47500 | S3: 46950 | T3: 49900 | U3: 52300 | V3: 51150 | W3: 52950 | X3: 51750 | Y3: 49750 | Z3: 49300 | AA3: 57500 | AB3: 61000 | AC3: 57500 | AD3: 52000 | AE3: 46000 | AF3: 46950 | AG3: 49650 | AH3: 51450 | AI3: 53500 | AJ3: 47050 | AK3: 50750 | AL3: 55000 | AM3: 62000 | AN3: 70000 | AO3: 62050 | AP3: 61250 | AQ3: 53000 | AR3: 48750 | AS3: 54500 | AT3: 54500 | AU3: 54000 | AV3: 47500 | AW3: 49000 | AX3: 50000 | AY3: 51500 | AZ3: 59600 | BA3: 60550 | BB3: 67850 | BC3: 70600 | BD3: 73000 | BE3: 82000 | BF3: 79000 | BG3: 76900 | BH3: 78000 | BI3: =MIN(E3:BH3) | BJ3: =MAX(E3:BH3) | BK3: =AVERAGE(E3:BH3)
A4: 3 | B4: LPB | C4: VN30 Index (Nhóm Trụ Cột) | D4: HOSE | E4: 33050 | F4: 37050 | G4: 31900 | H4: 32000 | I4: 31800 | J4: 31650 | K4: 32400 | L4: 31800 | M4: 32500 | N4: 33300 | O4: 33650 | P4: 35500 | Q4: 34200 | R4: 35800 | S4: 40200 | T4: 48400 | U4: 44850 | V4: 45650 | W4: 44000 | X4: 45400 | Y4: 47950 | Z4: 51600 | AA4: 51200 | AB4: 51300 | AC4: 51300 | AD4: 52000 | AE4: 49300 | AF4: 49900 | AG4: 48550 | AH4: 48600 | AI4: 48100 | AJ4: 44200 | AK4: 43500 | AL4: 41500 | AM4: 41800 | AN4: 41200 | AO4: 41750 | AP4: 42400 | AQ4: 41650 | AR4: 41900 | AS4: 42050 | AT4: 42050 | AU4: 43050 | AV4: 42250 | AW4: 41500 | AX4: 41100 | AY4: 41800 | AZ4: 43100 | BA4: 49300 | BB4: 46000 | BC4: 46300 | BD4: 47300 | BE4: 51800 | BF4: 51500 | BG4: 53200 | BH4: 52000 | BI4: =MIN(E4:BH4) | BJ4: =MAX(E4:BH4) | BK4: =AVERAGE(E4:BH4)
A5: 4 | B5: GAS | C5: VN30 Index (Nhóm Trụ Cột) | D5: HOSE | E5: 59611.652 | F5: 60194.176 | G5: 59223.301 | H5: 62135.922 | I5: 61941.746 | J5: 60970.875 | K5: 69708.734 | L5: 66504.852 | M5: 64271.844 | N5: 66407.766 | O5: 65728.156 | P5: 67087.375 | Q5: 65728.156 | R5: 67087.375 | S5: 67669.906 | T5: 67281.555 | U5: 64900 | V5: 64200 | W5: 62000 | X5: 63000 | Y5: 61900 | Z5: 60300 | AA5: 60900 | AB5: 58700 | AC5: 59800 | AD5: 59700 | AE5: 62900 | AF5: 62800 | AG5: 61900 | AH5: 63400 | AI5: 64000 | AJ5: 61300 | AK5: 64000 | AL5: 70500 | AM5: 72400 | AN5: 97100 | AO5: 99800 | AP5: 100800 | AQ5: 117000 | AR5: 115000 | AS5: 101600 | AT5: 101600 | AU5: 107900 | AV5: 112100 | AW5: 91800 | AX5: 82000 | AY5: 82100 | AZ5: 79700 | BA5: 80700 | BB5: 80100 | BC5: 78300 | BD5: 75200 | BE5: 74700 | BF5: 89400 | BG5: 84900 | BH5: 87400 | BI5: =MIN(E5:BH5) | BJ5: =MAX(E5:BH5) | BK5: =AVERAGE(E5:BH5)
A6: 5 | B6: VJC | C6: VN30 Index (Nhóm Trụ Cột) | D6: HOSE | E6: 69076.922 | F6: 70000 | G6: 67076.922 | H6: 67307.695 | I6: 70230.766 | J6: 68384.617 | K6: 68076.922 | L6: 67000 | M6: 68461.539 | N6: 73846.156 | O6: 72538.461 | P6: 87692.305 | Q6: 93230.766 | R6: 98230.766 | S6: 104846.16 | T6: 112153.84 | U6: 111538.46 | V6: 107692.3 | W6: 111846.16 | X6: 107538.46 | Y6: 104538.46 | Z6: 99000 | AA6: 102384.62 | AB6: 133461.53 | AC6: 141538.47 | AD6: 150384.61 | AE6: 136923.08 | AF6: 135692.31 | AG6: 149692.31 | AH6: 156538.47 | AI6: 159615.39 | AJ6: 142307.69 | AK6: 153769.23 | AL6: 159923.08 | AM6: 160769.23 | AN6: 152846.16 | AO6: 141538.47 | AP6: 148923.08 | AQ6: 131153.84 | AR6: 127692.3 | AS6: 130153.84 | AT6: 130153.84 | AU6: 135230.77 | AV6: 120307.7 | AW6: 120615.38 | AX6: 121000 | AY6: 120769.23 | AZ6: 123923.08 | BA6: 128461.54 | BB6: 136769.23 | BC6: 138846.16 | BD6: 138461.53 | BE6: 135538.47 | BF6: 131769.23 | BG6: 130846.16 | BH6: 132230.77 | BI6: =MIN(E6:BH6) | BJ6: =MAX(E6:BH6) | BK6: =AVERAGE(E6:BH6)
A7: 6 | B7: GVR | C7: VN30 Index (Nhóm Trụ Cột) | D7: HOSE | E7: 26550 | F7: 28100 | G7: 26850 | H7: 29400 | I7: 29200 | J7: 28550 | K7: 29900 | L7: 30500 | M7: 29600 | N7: 30100 | O7: 30050 | P7: 31650 | Q7: 30100 | R7: 31100 | S7: 32100 | T7: 31700 | U7: 29200 | V7: 29500 | W7: 28750 | X7: 28800 | Y7: 28800 | Z7: 27300 | AA7: 28000 | AB7: 27200 | AC7: 26100 | AD7: 28350 | AE7: 27800 | AF7: 28400 | AG7: 27800 | AH7: 27300 | AI7: 27400 | AJ7: 25300 | AK7: 26450 | AL7: 25500 | AM7: 26200 | AN7: 31600 | AO7: 35900 | AP7: 36900 | AQ7: 39850 | AR7: 39000 | AS7: 36400 | AT7: 36400 | AU7: 40000 | AV7: 37750 | AW7: 34000 | AX7: 30750 | AY7: 32100 | AZ7: 32050 | BA7: 33650 | BB7: 33500 | BC7: 33350 | BD7: 33700 | BE7: 35700 | BF7: 37750 | BG7: 35300 | BH7: 34900 | BI7: =MIN(E7:BH7) | BJ7: =MAX(E7:BH7) | BK7: =AVERAGE(E7:BH7)
A8: 7 | B8: BVH | C8: VN30 Index (Nhóm Trụ Cột) | D8: HOSE | E8: 48900 | F8: 49600 | G8: 49500 | H8: 51600 | I8: 50400 | J8: 49800 | K8: 51300 | L8: 52500 | M8: 53000 | N8: 54000 | O8: 53500 | P8: 52200 | Q8: 49250 | R8: 52000 | S8: 60900 | T8: 60000 | U8: 60500 | V8: 60500 | W8: 57700 | X8: 58700 | Y8: 56500 | Z8: 54100 | AA8: 55100 | AB8: 51400 | AC8: 49400 | AD8: 50600 | AE8: 52000 | AF8: 55300 | AG8: 54100 | AH8: 52100 | AI8: 52000 | AJ8: 52000 | AK8: 54000 | AL8: 55900 | AM8: 56800 | AN8: 67500 | AO8: 73700 | AP8: 72600 | AQ8: 69800 | AR8: 78000 | AS8: 76000 | AT8: 76000 | AU8: 81100 | AV8: 76600 | AW8: 72700 | AX8: 76000 | AY8: 84000 | AZ8: 85000 | BA8: 76400 | BB8: 72600 | BC8: 71800 | BD8: 70500 | BE8: 66000 | BF8: 67100 | BG8: 72000 | BH8: 67700 | BI8: =MIN(E8:BH8) | BJ8: =MAX(E8:BH8) | BK8: =AVERAGE(E8:BH8)
A9: 8 | B9: HDB | C9: VN30 Index (Nhóm Trụ Cột) | D9: HOSE | E9: 16385.227 | F9: 17156.295 | G9: 17002.082 | H9: 17002.082 | I9: 16693.654 | J9: 16770.762 | K9: 16963.529 | L9: 16732.207 | M9: 17387.617 | N9: 18775.541 | O9: 18775.541 | P9: 21281.518 | Q9: 20394.787 | R9: 21975.48 | S9: 23864.6 | T9: 25638.061 | U9: 25059.758 | V9: 25560.953 | W9: 24288.688 | X9: 23671.832 | Y9: 23903.154 | Z9: 23787.494 | AA9: 24404.35 | AB9: 25753.721 | AC9: 25445.293 | AD9: 25753.721 | AE9: 23132.084 | AF9: 23016.424 | AG9: 24057.367 | AH9: 24674.223 | AI9: 25406.738 | AJ9: 23286.299 | AK9: 25950 | AL9: 27600 | AM9: 29700 | AN9: 27900 | AO9: 28450 | AP9: 29600 | AQ9: 28300 | AR9: 26500 | AS9: 28200 | AT9: 28200 | AU9: 27950 | AV9: 25900 | AW9: 25600 | AX9: 25000 | AY9: 25300 | AZ9: 25600 | BA9: 26150 | BB9: 26200 | BC9: 26900 | BD9: 26600 | BE9: 27350 | BF9: 27550 | BG9: 25850 | BH9: 25900 | BI9: =MIN(E9:BH9) | BJ9: =MAX(E9:BH9) | BK9: =AVERAGE(E9:BH9)
A10: 9 | B10: POW | C10: VN30 Index (Nhóm Trụ Cột) | D10: HOSE | E10: 10756.303 | F10: 10798.319 | G10: 11428.571 | H10: 11176.471 | I10: 11512.605 | J10: 10966.387 | K10: 10924.37 | L10: 10882.353 | M10: 11134.454 | N10: 11344.538 | O10: 11554.622 | P10: 11764.706 | Q10: 12100.841 | R10: 12521.009 | S10: 13781.513 | T10: 13529.412 | U10: 13823.529 | V10: 14075.63 | W10: 12731.093 | X10: 12899.159 | Y10: 12773.109 | Z10: 11932.773 | AA10: 12268.907 | AB10: 12058.823 | AC10: 11386.555 | AD10: 11932.773 | AE10: 11932.773 | AF10: 12521.009 | AG10: 12563.025 | AH10: 12815.126 | AI10: 12647.059 | AJ10: 11550 | AK10: 12200 | AL10: 12800 | AM10: 12700 | AN10: 14400 | AO10: 14250 | AP10: 13900 | AQ10: 13750 | AR10: 13500 | AS10: 13400 | AT10: 13400 | AU10: 14500 | AV10: 14550 | AW10: 13300 | AX10: 13150 | AY10: 13050 | AZ10: 12650 | BA10: 13000 | BB10: 13250 | BC10: 12800 | BD10: 12650 | BE10: 14000 | BF10: 14100 | BG10: 13600 | BH10: 13700 | BI10: =MIN(E10:BH10) | BJ10: =MAX(E10:BH10) | BK10: =AVERAGE(E10:BH10)
A11: 10 | B11: VRE | C11: VN30 Index (Nhóm Trụ Cột) | D11: HOSE | E11: 25000 | F11: 24150 | G11: 25350 | H11: 27650 | I11: 27000 | J11: 25200 | K11: 24700 | L11: 24500 | M11: 25050 | N11: 28450 | O11: 29750 | P11: 29800 | Q11: 28100 | R11: 30500 | S11: 30150 | T11: 30400 | U11: 30700 | V11: 30300 | W11: 31100 | X11: 30200 | Y11: 29400 | Z11: 31750 | AA11: 38000 | AB11: 43400 | AC11: 39400 | AD11: 34600 | AE11: 31350 | AF11: 32100 | AG11: 32200 | AH11: 34250 | AI11: 33800 | AJ11: 27450 | AK11: 31700 | AL11: 32000 | AM11: 33650 | AN11: 35000 | AO11: 32000 | AP11: 32400 | AQ11: 30200 | AR11: 28050 | AS11: 29800 | AT11: 29800 | AU11: 29050 | AV11: 26250 | AW11: 25250 | AX11: 26150 | AY11: 25750 | AZ11: 26500 | BA11: 27500 | BB11: 28600 | BC11: 28800 | BD11: 32300 | BE11: 35900 | BF11: 34000 | BG11: 31700 | BH11: 32250 | BI11: =MIN(E11:BH11) | BJ11: =MAX(E11:BH11) | BK11: =AVERAGE(E11:BH11)
A12: 11 | B12: PLX | C12: VN30 Index (Nhóm Trụ Cột) | D12: HOSE | E12: 35700 | F12: 35550 | G12: 34800 | H12: 34900 | I12: 36100 | J12: 35250 | K12: 39550 | L12: 37050 | M12: 37000 | N12: 37900 | O12: 37100 | P12: 38100 | Q12: 36250 | R12: 37100 | S12: 37900 | T12: 36900 | U12: 36150 | V12: 36650 | W12: 35350 | X12: 35600 | Y12: 35050 | Z12: 34000 | AA12: 34100 | AB12: 33700 | AC12: 34250 | AD12: 34550 | AE12: 34000 | AF12: 34500 | AG12: 33950 | AH12: 33900 | AI12: 34400 | AJ12: 33700 | AK12: 34850 | AL12: 35550 | AM12: 35300 | AN12: 43000 | AO12: 52000 | AP12: 54600 | AQ12: 58900 | AR12: 57000 | AS12: 52000 | AT12: 52000 | AU12: 57800 | AV12: 62000 | AW12: 48400 | AX12: 42800 | AY12: 42250 | AZ12: 40200 | BA12: 41150 | BB12: 39950 | BC12: 39700 | BD12: 37150 | BE12: 37600 | BF12: 42200 | BG12: 41950 | BH12: 41000 | BI12: =MIN(E12:BH12) | BJ12: =MAX(E12:BH12) | BK12: =AVERAGE(E12:BH12)
A13: 12 | B13: VPB | C13: VN30 Index (Nhóm Trụ Cột) | D13: HOSE | E13: 17000 | F13: 18550 | G13: 18300 | H13: 18150 | I13: 18100 | J13: 18200 | K13: 18500 | L13: 18350 | M13: 18650 | N13: 20150 | O13: 20900 | P13: 23500 | Q13: 25800 | R13: 28950 | S13: 30800 | T13: 38650 | U13: 34000 | V13: 34900 | W13: 32250 | X13: 30800 | Y13: 30950 | Z13: 30150 | AA13: 32100 | AB13: 33200 | AC13: 30000 | AD13: 29200 | AE13: 27500 | AF13: 27800 | AG13: 28550 | AH13: 29250 | AI13: 29850 | AJ13: 26550 | AK13: 28450 | AL13: 28150 | AM13: 28650 | AN13: 28250 | AO13: 28900 | AP13: 28500 | AQ13: 28000 | AR13: 26800 | AS13: 28300 | AT13: 28300 | AU13: 28950 | AV13: 26650 | AW13: 25650 | AX13: 25050 | AY13: 26450 | AZ13: 25800 | BA13: 27300 | BB13: 28250 | BC13: 27250 | BD13: 26500 | BE13: 27950 | BF13: 27550 | BG13: 26800 | BH13: 27100 | BI13: =MIN(E13:BH13) | BJ13: =MAX(E13:BH13) | BK13: =AVERAGE(E13:BH13)
... A101: 100 | B101: PVD | C101: Dầu Khí, Cảng Biển & Logistics | D101: HOSE | E101: 11054.523 | F101: 11354.104 | G101: 10844.817 | H101: 11264.23 | I101: 11623.727 | J101: 11593.769 | K101: 12762.133 | L101: 11983.224 | M101: 11923.308 | N101: 12402.637 | O101: 12222.888 | P101: 12732.175 | Q101: 12672.259 | R101: 12881.965 | S101: 13720.791 | T101: 13091.672 | U101: 12881.965 | V101: 13451.168 | W101: 13690.833 | X101: 13780.707 | Y101: 13780.707 | Z101: 12852.007 | AA101: 13091.672 | AB101: 12282.804 | AC101: 12043.14 | AD101: 12133.014 | AE101: 14799.281 | AF101: 15997.604 | AG101: 15428.4 | AH101: 15997.604 | AI101: 15608.148 | AJ101: 14140.204 | AK101: 16536.848 | AL101: 16387.059 | AM101: 16986.219 | AN101: 17675.254 | AO101: 17315.758 | AP101: 16536.848 | AQ101: 18573.996 | AR101: 19682.445 | AS101: 20461.354 | AT101: 20461.354 | AU101: 23127.621 | AV101: 25344.518 | AW101: 23966.447 | AX101: 20521.27 | AY101: 21420.012 | AZ101: 20131.816 | BA101: 20311.564 | BB101: 19952.066 | BC101: 18813.66 | BD101: 18573.996 | BE101: 18454.164 | BF101: 20191.732 | BG101: 18903.535 | BH101: 18274.416 | BI101: =MIN(E101:BH101) | BJ101: =MAX(E101:BH101) | BK101: =AVERAGE(E101:BH101)

Sheet Weekly_Shares_Bought
A1: STT | B1: Mã Cổ Phiếu | C1: Nhóm Ngành | D1: Sàn GD | E1: W01 (05/05) | F1: W02 (12/05) | G1: W03 (19/05) | H1: W04 (26/05) | I1: W05 (02/06) | J1: W06 (09/06) | K1: W07 (16/06) | L1: W08 (23/06) | M1: W09 (30/06) | N1: W10 (07/07) | O1: W11 (14/07) | P1: W12 (21/07) | Q1: W13 (28/07) | R1: W14 (04/08) | S1: W15 (11/08) | T1: W16 (18/08) | U1: W17 (25/08) | V1: W18 (01/09) | W1: W19 (08/09) | X1: W20 (15/09) | Y1: W21 (22/09) | Z1: W22 (29/09) | AA1: W23 (06/10) | AB1: W24 (13/10) | AC1: W25 (20/10) | AD1: W26 (27/10) | AE1: W27 (03/11) | AF1: W28 (10/11) | AG1: W29 (17/11) | AH1: W30 (24/11) | AI1: W31 (01/12) | AJ1: W32 (08/12) | AK1: W33 (15/12) | AL1: W34 (22/12) | AM1: W35 (29/12) | AN1: W36 (05/01) | AO1: W37 (12/01) | AP1: W38 (19/01) | AQ1: W39 (26/01) | AR1: W40 (02/02) | AS1: W41 (09/02) | AT1: W42 (16/02) | AU1: W43 (23/02) | AV1: W44 (02/03) | AW1: W45 (09/03) | AX1: W46 (16/03) | AY1: W47 (23/03) | AZ1: W48 (30/03) | BA1: W49 (06/04) | BB1: W50 (13/04) | BC1: W51 (20/04) | BD1: W52 (27/04) | BE1: W53 (04/05) | BF1: W54 (11/05) | BG1: W55 (18/05) | BH1: W56 (25/05) | BI1: TỔNG CP TÍCH LŨY | BJ1: GIÁ TRỊ TUẦN 56 (VNĐ)
A2: 1 | B2: VIC | C2: VN30 Index (Nhóm Trụ Cột) | D2: HOSE | E2: 25.477707 | F2: 25.062657 | G2: 21.621622 | H2: 20.618557 | I2: 20.408163 | J2: 23.041475 | K2: 22.371365 | L2: 21.052632 | M2: 21.164021 | N2: 19.685039 | O2: 16.393443 | P2: 17.241379 | Q2: 18.957346 | R2: 17.391304 | S2: 16.920474 | T2: 16 | U2: 15.37279 | V2: 16 | W2: 14.705882 | X2: 13.793103 | Y2: 12.658228 | Z2: 11.695906 | AA2: 11.142061 | AB2: 9.3852651 | AC2: 9.3023256 | AD2: 9.7991181 | AE2: 10.015023 | AF2: 9.478673 | AG2: 8.7070091 | AH2: 7.6804916 | AI2: 7.0028011 | AJ2: 6.9444444 | AK2: 6.7340067 | AL2: 6.4516129 | AM2: 5.8962264 | AN2: 5.6818182 | AO2: 6.2539087 | AP2: 6.0459492 | AQ2: 7.1174377 | AR2: 7.6335878 | AS2: 6.25 | AT2: 6.25 | AU2: 5.8139535 | AV2: 6.3897764 | AW2: 6.9156293 | AX2: 7.4074074 | AY2: 7.5414781 | AZ2: 7.0921986 | BA2: 6.5919578 | BB2: 5.3219798 | BC2: 4.7147572 | BD2: 4.6728972 | BE2: 4.4247788 | BF2: 4.3859649 | BG2: 4.6189376 | BH2: 4.7326077 | BI2: =SUM(E2:BH2) | BJ2: =BI2*Weekly_Prices_VND!BH2
A3: 2 | B3: VHM | C3: VN30 Index (Nhóm Trụ Cột) | D3: HOSE | E3: 32.154341 | F3: 34.482759 | G3: 29.368576 | H3: 26.007802 | I3: 26.041667 | J3: 28.571429 | K3: 27.894003 | L3: 26.315789 | M3: 26.21232 | N3: 23.255814 | O3: 21.253985 | P3: 21.73913 | Q3: 22.222222 | R3: 21.052632 | S3: 21.299255 | T3: 20.04008 | U3: 19.120459 | V3: 19.550342 | W3: 18.885741 | X3: 19.323671 | Y3: 20.100503 | Z3: 20.283976 | AA3: 17.391304 | AB3: 16.393443 | AC3: 17.391304 | AD3: 19.230769 | AE3: 21.73913 | AF3: 21.299255 | AG3: 20.140987 | AH3: 19.436346 | AI3: 18.691589 | AJ3: 21.253985 | AK3: 19.704433 | AL3: 18.181818 | AM3: 16.129032 | AN3: 14.285714 | AO3: 16.116035 | AP3: 16.326531 | AQ3: 18.867925 | AR3: 20.512821 | AS3: 18.348624 | AT3: 18.348624 | AU3: 18.518519 | AV3: 21.052632 | AW3: 20.408163 | AX3: 20 | AY3: 19.417476 | AZ3: 16.778523 | BA3: 16.515277 | BB3: 14.738394 | BC3: 14.164306 | BD3: 13.69863 | BE3: 12.195122 | BF3: 12.658228 | BG3: 13.003901 | BH3: 12.820513 | BI3: =SUM(E3:BH3) | BJ3: =BI3*Weekly_Prices_VND!BH3
A4: 3 | B4: LPB | C4: VN30 Index (Nhóm Trụ Cột) | D4: HOSE | E4: 30.257186 | F4: 26.990553 | G4: 31.347962 | H4: 31.25 | I4: 31.446541 | J4: 31.595577 | K4: 30.864198 | L4: 31.446541 | M4: 30.769231 | N4: 30.03003 | O4: 29.717682 | P4: 28.169014 | Q4: 29.239766 | R4: 27.932961 | S4: 24.875622 | T4: 20.661157 | U4: 22.296544 | V4: 21.905805 | W4: 22.727273 | X4: 22.026432 | Y4: 20.855057 | Z4: 19.379845 | AA4: 19.53125 | AB4: 19.493177 | AC4: 19.493177 | AD4: 19.230769 | AE4: 20.283976 | AF4: 20.04008 | AG4: 20.597322 | AH4: 20.576132 | AI4: 20.790021 | AJ4: 22.624434 | AK4: 22.988506 | AL4: 24.096386 | AM4: 23.923445 | AN4: 24.271845 | AO4: 23.952096 | AP4: 23.584906 | AQ4: 24.009604 | AR4: 23.866348 | AS4: 23.781213 | AT4: 23.781213 | AU4: 23.228804 | AV4: 23.668639 | AW4: 24.096386 | AX4: 24.3309 | AY4: 23.923445 | AZ4: 23.201856 | BA4: 20.283976 | BB4: 21.73913 | BC4: 21.598272 | BD4: 21.141649 | BE4: 19.305019 | BF4: 19.417476 | BG4: 18.796992 | BH4: 19.230769 | BI4: =SUM(E4:BH4) | BJ4: =BI4*Weekly_Prices_VND!BH4
A5: 4 | B5: GAS | C5: VN30 Index (Nhóm Trụ Cột) | D5: HOSE | E5: 16.775244 | F5: 16.612903 | G5: 16.885246 | H5: 16.09375 | I5: 16.144201 | J5: 16.401274 | K5: 14.345405 | L5: 15.036497 | M5: 15.558913 | N5: 15.05848 | O5: 15.21418 | P5: 14.905934 | Q5: 15.21418 | R5: 14.905934 | S5: 14.777618 | T5: 14.862915 | U5: 15.40832 | V5: 15.576324 | W5: 16.129032 | X5: 15.873016 | Y5: 16.155089 | Z5: 16.583748 | AA5: 16.420361 | AB5: 17.035775 | AC5: 16.722408 | AD5: 16.750419 | AE5: 15.898251 | AF5: 15.923567 | AG5: 16.155089 | AH5: 15.772871 | AI5: 15.625 | AJ5: 16.313214 | AK5: 15.625 | AL5: 14.184397 | AM5: 13.812155 | AN5: 10.298661 | AO5: 10.02004 | AP5: 9.9206349 | AQ5: 8.5470085 | AR5: 8.6956522 | AS5: 9.8425197 | AT5: 9.8425197 | AU5: 9.2678406 | AV5: 8.9206066 | AW5: 10.893246 | AX5: 12.195122 | AY5: 12.180268 | AZ5: 12.547051 | BA5: 12.391574 | BB5: 12.484395 | BC5: 12.771392 | BD5: 13.297872 | BE5: 13.386881 | BF5: 11.185682 | BG5: 11.778563 | BH5: 11.441648 | BI5: =SUM(E5:BH5) | BJ5: =BI5*Weekly_Prices_VND!BH5
A6: 5 | B6: VJC | C6: VN30 Index (Nhóm Trụ Cột) | D6: HOSE | E6: 14.476615 | F6: 14.285714 | G6: 14.908257 | H6: 14.857142 | I6: 14.238774 | J6: 14.623172 | K6: 14.689266 | L6: 14.925373 | M6: 14.606741 | N6: 13.541666 | O6: 13.78579 | P6: 11.403509 | Q6: 10.726073 | R6: 10.18011 | S6: 9.5377841 | T6: 8.9163239 | U6: 8.9655173 | V6: 9.2857145 | W6: 8.9408526 | X6: 9.2989986 | Y6: 9.5658573 | Z6: 10.10101 | AA6: 9.7670922 | AB6: 7.4927958 | AC6: 7.065217 | AD6: 6.6496166 | AE6: 7.3033707 | AF6: 7.3696143 | AG6: 6.6803698 | AH6: 6.3882061 | AI6: 6.26506 | AJ6: 7.0270273 | AK6: 6.5032515 | AL6: 6.2530062 | AM6: 6.2200956 | AN6: 6.5425263 | AO6: 7.065217 | AP6: 6.714876 | AQ6: 7.6246336 | AR6: 7.8313255 | AS6: 7.6832153 | AT6: 7.6832153 | AU6: 7.394767 | AV6: 8.3120203 | AW6: 8.2908165 | AX6: 8.2644628 | AY6: 8.2802545 | AZ6: 8.069522 | BA6: 7.7844311 | BB6: 7.3115859 | BC6: 7.2022159 | BD6: 7.2222226 | BE6: 7.3779792 | BF6: 7.5890249 | BG6: 7.6425631 | BH6: 7.5625366 | BI6: =SUM(E6:BH6) | BJ6: =BI6*Weekly_Prices_VND!BH6
A7: 6 | B7: GVR | C7: VN30 Index (Nhóm Trụ Cột) | D7: HOSE | E7: 37.664783 | F7: 35.587189 | G7: 37.243948 | H7: 34.013605 | I7: 34.246575 | J7: 35.02627 | K7: 33.444816 | L7: 32.786885 | M7: 33.783784 | N7: 33.222591 | O7: 33.27787 | P7: 31.595577 | Q7: 33.222591 | R7: 32.154341 | S7: 31.152648 | T7: 31.545741 | U7: 34.246575 | V7: 33.898305 | W7: 34.782609 | X7: 34.722222 | Y7: 34.722222 | Z7: 36.630037 | AA7: 35.714286 | AB7: 36.764706 | AC7: 38.314176 | AD7: 35.273369 | AE7: 35.971223 | AF7: 35.211268 | AG7: 35.971223 | AH7: 36.630037 | AI7: 36.49635 | AJ7: 39.525692 | AK7: 37.807183 | AL7: 39.215686 | AM7: 38.167939 | AN7: 31.64557 | AO7: 27.855153 | AP7: 27.100271 | AQ7: 25.094103 | AR7: 25.641026 | AS7: 27.472527 | AT7: 27.472527 | AU7: 25 | AV7: 26.490066 | AW7: 29.411765 | AX7: 32.520325 | AY7: 31.152648 | AZ7: 31.201248 | BA7: 29.717682 | BB7: 29.850746 | BC7: 29.985007 | BD7: 29.673591 | BE7: 28.011204 | BF7: 26.490066 | BG7: 28.328612 | BH7: 28.653295 | BI7: =SUM(E7:BH7) | BJ7: =BI7*Weekly_Prices_VND!BH7
A8: 7 | B8: BVH | C8: VN30 Index (Nhóm Trụ Cột) | D8: HOSE | E8: 20.449898 | F8: 20.16129 | G8: 20.20202 | H8: 19.379845 | I8: 19.84127 | J8: 20.080321 | K8: 19.493177 | L8: 19.047619 | M8: 18.867925 | N8: 18.518519 | O8: 18.691589 | P8: 19.157088 | Q8: 20.304569 | R8: 19.230769 | S8: 16.420361 | T8: 16.666667 | U8: 16.528926 | V8: 16.528926 | W8: 17.331023 | X8: 17.035775 | Y8: 17.699115 | Z8: 18.484288 | AA8: 18.14882 | AB8: 19.455253 | AC8: 20.242915 | AD8: 19.762846 | AE8: 19.230769 | AF8: 18.083183 | AG8: 18.484288 | AH8: 19.193858 | AI8: 19.230769 | AJ8: 19.230769 | AK8: 18.518519 | AL8: 17.889088 | AM8: 17.605634 | AN8: 14.814815 | AO8: 13.568521 | AP8: 13.774105 | AQ8: 14.326648 | AR8: 12.820513 | AS8: 13.157895 | AT8: 13.157895 | AU8: 12.330456 | AV8: 13.05483 | AW8: 13.755158 | AX8: 13.157895 | AY8: 11.904762 | AZ8: 11.764706 | BA8: 13.089005 | BB8: 13.774105 | BC8: 13.927577 | BD8: 14.184397 | BE8: 15.151515 | BF8: 14.90313 | BG8: 13.888889 | BH8: 14.771049 | BI8: =SUM(E8:BH8) | BJ8: =BI8*Weekly_Prices_VND!BH8
A9: 8 | B9: HDB | C9: VN30 Index (Nhóm Trụ Cột) | D9: HOSE | E9: 61.030587 | F9: 58.287643 | G9: 58.816326 | H9: 58.816326 | I9: 59.903002 | J9: 59.627584 | K9: 58.949997 | L9: 59.764979 | M9: 57.512193 | N9: 53.260782 | O9: 53.260782 | P9: 46.98913 | Q9: 49.032137 | R9: 45.505262 | S9: 41.903071 | T9: 39.00451 | U9: 39.904615 | V9: 39.122172 | W9: 41.17143 | X9: 42.244301 | Y9: 41.835483 | Z9: 42.038896 | AA9: 40.976302 | AB9: 38.829341 | AC9: 39.299999 | AD9: 38.829341 | AE9: 43.23 | AF9: 43.447236 | AG9: 41.567308 | AH9: 40.528126 | AI9: 39.359637 | AJ9: 42.943707 | AK9: 38.535645 | AL9: 36.231884 | AM9: 33.670034 | AN9: 35.842294 | AO9: 35.149385 | AP9: 33.783784 | AQ9: 35.335689 | AR9: 37.735849 | AS9: 35.460993 | AT9: 35.460993 | AU9: 35.778175 | AV9: 38.610039 | AW9: 39.0625 | AX9: 40 | AY9: 39.525692 | AZ9: 39.0625 | BA9: 38.240918 | BB9: 38.167939 | BC9: 37.174721 | BD9: 37.593985 | BE9: 36.563071 | BF9: 36.297641 | BG9: 38.68472 | BH9: 38.610039 | BI9: =SUM(E9:BH9) | BJ9: =BI9*Weekly_Prices_VND!BH9
A10: 9 | B10: POW | C10: VN30 Index (Nhóm Trụ Cột) | D10: HOSE | E10: 92.968748 | F10: 92.607004 | G10: 87.500001 | H10: 89.473683 | I10: 86.861311 | J10: 91.187738 | K10: 91.538458 | L10: 91.891895 | M10: 89.811318 | N10: 88.148146 | O10: 86.545453 | P10: 84.999999 | Q10: 82.638886 | R10: 79.865769 | S10: 72.560975 | T10: 73.913042 | U10: 72.340426 | V10: 71.044778 | W10: 78.547853 | X10: 77.524433 | Y10: 78.289473 | Z10: 83.802815 | AA10: 81.506852 | AB10: 82.926831 | AC10: 87.822878 | AD10: 83.802815 | AE10: 83.802815 | AF10: 79.865769 | AG10: 79.598661 | AH10: 78.032787 | AI10: 79.069769 | AJ10: 86.580087 | AK10: 81.967213 | AL10: 78.125 | AM10: 78.740157 | AN10: 69.444444 | AO10: 70.175439 | AP10: 71.942446 | AQ10: 72.727273 | AR10: 74.074074 | AS10: 74.626866 | AT10: 74.626866 | AU10: 68.965517 | AV10: 68.728522 | AW10: 75.18797 | AX10: 76.045627 | AY10: 76.628352 | AZ10: 79.051383 | BA10: 76.923077 | BB10: 75.471698 | BC10: 78.125 | BD10: 79.051383 | BE10: 71.428571 | BF10: 70.921986 | BG10: 73.529412 | BH10: 72.992701 | BI10: =SUM(E10:BH10) | BJ10: =BI10*Weekly_Prices_VND!BH10
A11: 10 | B11: VRE | C11: VN30 Index (Nhóm Trụ Cột) | D11: HOSE | E11: 40 | F11: 41.407867 | G11: 39.447732 | H11: 36.166365 | I11: 37.037037 | J11: 39.68254 | K11: 40.48583 | L11: 40.816327 | M11: 39.92016 | N11: 35.149385 | O11: 33.613445 | P11: 33.557047 | Q11: 35.587189 | R11: 32.786885 | S11: 33.167496 | T11: 32.894737 | U11: 32.57329 | V11: 33.0033 | W11: 32.154341 | X11: 33.112583 | Y11: 34.013605 | Z11: 31.496063 | AA11: 26.315789 | AB11: 23.041475 | AC11: 25.380711 | AD11: 28.901734 | AE11: 31.897927 | AF11: 31.152648 | AG11: 31.055901 | AH11: 29.19708 | AI11: 29.585799 | AJ11: 36.429872 | AK11: 31.545741 | AL11: 31.25 | AM11: 29.717682 | AN11: 28.571429 | AO11: 31.25 | AP11: 30.864198 | AQ11: 33.112583 | AR11: 35.650624 | AS11: 33.557047 | AT11: 33.557047 | AU11: 34.423408 | AV11: 38.095238 | AW11: 39.60396 | AX11: 38.240918 | AY11: 38.834951 | AZ11: 37.735849 | BA11: 36.363636 | BB11: 34.965035 | BC11: 34.722222 | BD11: 30.959752 | BE11: 27.855153 | BF11: 29.411765 | BG11: 31.545741 | BH11: 31.007752 | BI11: =SUM(E11:BH11) | BJ11: =BI11*Weekly_Prices_VND!BH11
A12: 11 | B12: PLX | C12: VN30 Index (Nhóm Trụ Cột) | D12: HOSE | E12: 28.011204 | F12: 28.129395 | G12: 28.735632 | H12: 28.653295 | I12: 27.700831 | J12: 28.368794 | K12: 25.28445 | L12: 26.990553 | M12: 27.027027 | N12: 26.385224 | O12: 26.954178 | P12: 26.246719 | Q12: 27.586207 | R12: 26.954178 | S12: 26.385224 | T12: 27.100271 | U12: 27.662517 | V12: 27.28513 | W12: 28.288543 | X12: 28.089888 | Y12: 28.53067 | Z12: 29.411765 | AA12: 29.325513 | AB12: 29.673591 | AC12: 29.19708 | AD12: 28.94356 | AE12: 29.411765 | AF12: 28.985507 | AG12: 29.455081 | AH12: 29.498525 | AI12: 29.069767 | AJ12: 29.673591 | AK12: 28.694405 | AL12: 28.129395 | AM12: 28.328612 | AN12: 23.255814 | AO12: 19.230769 | AP12: 18.315018 | AQ12: 16.977929 | AR12: 17.54386 | AS12: 19.230769 | AT12: 19.230769 | AU12: 17.301038 | AV12: 16.129032 | AW12: 20.661157 | AX12: 23.364486 | AY12: 23.668639 | AZ12: 24.875622 | BA12: 24.301337 | BB12: 25.031289 | BC12: 25.188917 | BD12: 26.9179 | BE12: 26.595745 | BF12: 23.696682 | BG12: 23.837902 | BH12: 24.390244 | BI12: =SUM(E12:BH12) | BJ12: =BI12*Weekly_Prices_VND!BH12
A13: 12 | B13: VPB | C13: VN30 Index (Nhóm Trụ Cột) | D13: HOSE | E13: 58.823529 | F13: 53.908356 | G13: 54.644809 | H13: 55.096419 | I13: 55.248619 | J13: 54.945055 | K13: 54.054054 | L13: 54.495913 | M13: 53.619303 | N13: 49.627792 | O13: 47.84689 | P13: 42.553191 | Q13: 38.75969 | R13: 34.542314 | S13: 32.467532 | T13: 25.873221 | U13: 29.411765 | V13: 28.653295 | W13: 31.007752 | X13: 32.467532 | Y13: 32.310178 | Z13: 33.167496 | AA13: 31.152648 | AB13: 30.120482 | AC13: 33.333333 | AD13: 34.246575 | AE13: 36.363636 | AF13: 35.971223 | AG13: 35.02627 | AH13: 34.188034 | AI13: 33.500838 | AJ13: 37.664783 | AK13: 35.149385 | AL13: 35.523979 | AM13: 34.904014 | AN13: 35.39823 | AO13: 34.602076 | AP13: 35.087719 | AQ13: 35.714286 | AR13: 37.313433 | AS13: 35.335689 | AT13: 35.335689 | AU13: 34.542314 | AV13: 37.523452 | AW13: 38.986355 | AX13: 39.92016 | AY13: 37.807183 | AZ13: 38.75969 | BA13: 36.630037 | BB13: 35.39823 | BC13: 36.697248 | BD13: 37.735849 | BE13: 35.778175 | BF13: 36.297641 | BG13: 37.313433 | BH13: 36.900369 | BI13: =SUM(E13:BH13) | BJ13: =BI13*Weekly_Prices_VND!BH13
... A101: 100 | B101: PVD | C101: Dầu Khí, Cảng Biển & Logistics | D101: HOSE | E101: 90.460706 | F101: 88.073877 | G101: 92.209944 | H101: 88.776593 | I101: 86.030929 | J101: 86.253231 | K101: 78.356809 | L101: 83.449999 | M101: 83.869345 | N101: 80.628017 | O101: 81.813727 | P101: 78.541177 | Q101: 78.91253 | R101: 77.627909 | S101: 72.882095 | T101: 76.384438 | U101: 77.627909 | V101: 74.342987 | W101: 73.041575 | X101: 72.565217 | Y101: 72.565217 | Z101: 77.80886 | AA101: 76.384438 | AB101: 81.414637 | AC101: 83.034826 | AD101: 82.419754 | AE101: 67.570849 | AF101: 62.509363 | AG101: 64.815533 | AH101: 62.509363 | AI101: 64.069099 | AJ101: 70.720337 | AK101: 60.471017 | AL101: 61.023764 | AM101: 58.871254 | AN101: 56.576274 | AO101: 57.750865 | AP101: 60.471017 | AQ101: 53.838711 | AR101: 50.806695 | AS101: 48.872622 | AT101: 48.872622 | AU101: 43.238342 | AV101: 39.456265 | AW101: 41.724999 | AX101: 48.729929 | AY101: 46.685315 | AZ101: 49.672617 | BA101: 49.233037 | BB101: 50.120122 | BC101: 53.152868 | BD101: 53.838711 | BE101: 54.188312 | BF101: 49.52522 | BG101: 52.900158 | BH101: 54.721311 | BI101: =SUM(E101:BH101) | BJ101: =BI101*Weekly_Prices_VND!BH101
